Region,Queue Length,Lane,Initial Coords.,Final Coords.,Time (s),Spillback Time (s)
Green,44.95192453299394,4,"(37.991977, 23.731341)","(37.9923, 23.731417)",307.88,
Red,100.07473996312194,3,"(37.991631, 23.732428)","(37.991457, 23.733544)",790.88,
Yellow,59.99289102911353,1,"(37.99162, 23.732079)","(37.991397, 23.731492)",509.12,503.12
